{
    "align-center": "\\f101",
    "align-justify": "\\f102",
    "align-left": "\\f103",
    "align-right": "\\f104",
    "all-sides": "\\f105",
    "anchor-center-bottom": "\\f106",
    "anchor-center-top": "\\f107",
    "anchor-center": "\\f108",
    "anchor-left-bottom": "\\f109",
    "anchor-left-center": "\\f10a",
    "anchor-left-top": "\\f10b",
    "anchor-right-bottom": "\\f10c",
    "anchor-right-center": "\\f10d",
    "anchor-right-top": "\\f10e",
    "andrews-pitchfork": "\\f10f",
    "anychart": "\\f110",
    "anychart2": "\\f111",
    "anygantt": "\\f112",
    "anymap": "\\f113",
    "anymap2": "\\f114",
    "anystock": "\\f115",
    "api": "\\f116",
    "arrow-down-left-square": "\\f117",
    "arrow-down-left-thin": "\\f118",
    "arrow-down-right-square": "\\f119",
    "arrow-down-right-thin": "\\f11a",
    "arrow-down-square": "\\f11b",
    "arrow-down-thin": "\\f11c",
    "arrow-down": "\\f11d",
    "arrow-left-square": "\\f11e",
    "arrow-left-thin": "\\f11f",
    "arrow-left": "\\f120",
    "arrow-right-square": "\\f121",
    "arrow-right-thin": "\\f122",
    "arrow-right": "\\f123",
    "arrow-up-left-square": "\\f124",
    "arrow-up-left-thin": "\\f125",
    "arrow-up-right-square": "\\f126",
    "arrow-up-right-thin": "\\f127",
    "arrow-up-square": "\\f128",
    "arrow-up-thin": "\\f129",
    "arrow-up": "\\f12a",
    "asterisk": "\\f12b",
    "backward": "\\f12c",
    "bars": "\\f12d",
    "bold": "\\f12e",
    "book": "\\f12f",
    "bookmark": "\\f130",
    "bullhorn-2": "\\f131",
    "bullhorn": "\\f132",
    "calendar-plus-o": "\\f133",
    "calendar": "\\f134",
    "caret-down": "\\f135",
    "caret-left": "\\f136",
    "caret-right": "\\f137",
    "caret-up": "\\f138",
    "chart-area": "\\f139",
    "chart-column": "\\f13a",
    "chart-column2": "\\f13b",
    "chart-database-o": "\\f13c",
    "chart-database-o2": "\\f13d",
    "chart-financial": "\\f13e",
    "chart-gauge": "\\f13f",
    "chart-ruler-o": "\\f140",
    "chart-ruler-pencil": "\\f141",
    "chart-ruler-pencil2": "\\f142",
    "chart-ruler": "\\f143",
    "charts-many": "\\f144",
    "check-circle-o": "\\f145",
    "check-circle-thick": "\\f146",
    "check-thin": "\\f147",
    "check": "\\f148",
    "checkbox-checked": "\\f149",
    "chevron-circle-down-thin": "\\f14a",
    "chevron-circle-down": "\\f14b",
    "chevron-circle-left-thin": "\\f14c",
    "chevron-circle-left": "\\f14d",
    "chevron-circle-right-thin": "\\f14e",
    "chevron-circle-right": "\\f14f",
    "chevron-circle-up-thin": "\\f150",
    "chevron-circle-up": "\\f151",
    "chevron-down-thick": "\\f152",
    "chevron-down": "\\f153",
    "chevron-left-thick": "\\f154",
    "chevron-left": "\\f155",
    "chevron-right-thick": "\\f156",
    "chevron-right": "\\f157",
    "chevron-up-thick": "\\f158",
    "chevron-up": "\\f159",
    "circle-filled": "\\f15a",
    "clear": "\\f15b",
    "clipboard": "\\f15c",
    "clone": "\\f15d",
    "cloud-upload": "\\f15e",
    "code": "\\f15f",
    "cog-o": "\\f160",
    "cog": "\\f161",
    "collapse": "\\f162",
    "comment-o": "\\f163",
    "comment": "\\f164",
    "comments-o": "\\f165",
    "cross-filled": "\\f166",
    "cross": "\\f167",
    "cut-corners": "\\f168",
    "deaf": "\\f169",
    "decomposition-tree": "\\f16a",
    "desktop": "\\f16b",
    "diagonal-cros": "\\f16c",
    "diagonal-sides1": "\\f16d",
    "diagonal-sides2": "\\f16e",
    "diamond-filled": "\\f16f",
    "diamond": "\\f170",
    "disk-slash": "\\f171",
    "dot-square-o": "\\f172",
    "download-chart": "\\f173",
    "download-picture": "\\f174",
    "download-zip": "\\f175",
    "download": "\\f176",
    "edit": "\\f177",
    "ellipse-thin": "\\f178",
    "ellipse": "\\f179",
    "enlarge": "\\f17a",
    "envelope": "\\f17b",
    "exclamation": "\\f17c",
    "expand": "\\f17d",
    "facebook": "\\f17e",
    "fibonacci-arc": "\\f17f",
    "fibonacci-fan": "\\f180",
    "fibonacci-retracement": "\\f181",
    "fibonacci-timezones": "\\f182",
    "file-archive-o": "\\f183",
    "file-code-o": "\\f184",
    "file-excel-o": "\\f185",
    "file-image-o": "\\f186",
    "file-pdf-o": "\\f187",
    "file-text": "\\f188",
    "fill-o": "\\f189",
    "fill": "\\f18a",
    "finite-trend-channel": "\\f18b",
    "folder-open": "\\f18c",
    "folder": "\\f18d",
    "font": "\\f18e",
    "forward": "\\f18f",
    "forward2": "\\f190",
    "free": "\\f191",
    "git": "\\f192",
    "globe": "\\f193",
    "group": "\\f194",
    "h-line-dashed-1": "\\f195",
    "h-line-dashed-2": "\\f196",
    "h-line-dashed-3": "\\f197",
    "h-line-dashed-4": "\\f198",
    "h-line-dashed-5": "\\f199",
    "h-line-dotted-1": "\\f19a",
    "h-line-dotted-2": "\\f19b",
    "h-line-dotted-3": "\\f19c",
    "h-line-dotted-4": "\\f19d",
    "h-line-dotted-5": "\\f19e",
    "h-line-thickness-1": "\\f19f",
    "h-line-thickness-2": "\\f1a0",
    "h-line-thickness-3": "\\f1a1",
    "h-line-thickness-4": "\\f1a2",
    "h-line-thickness-5": "\\f1a3",
    "head-arrow": "\\f1a4",
    "horizontal-line": "\\f1a5",
    "horizontal-range": "\\f1a6",
    "html5": "\\f1a7",
    "infinite-line": "\\f1a8",
    "info-circle": "\\f1a9",
    "info": "\\f1aa",
    "italic": "\\f1ab",
    "javascript": "\\f1ac",
    "jsfiddle": "\\f1ad",
    "keyboard-o": "\\f1ae",
    "label-center-inside": "\\f1af",
    "label-left-inside": "\\f1b0",
    "label-left-outside": "\\f1b1",
    "label-right-inside": "\\f1b2",
    "label-right-outside": "\\f1b3",
    "left-side": "\\f1b4",
    "light-bulb": "\\f1b5",
    "line": "\\f1b6",
    "linkedin": "\\f1b7",
    "lock": "\\f1b8",
    "logo": "\\f1b9",
    "low-vision": "\\f1ba",
    "map-o": "\\f1bb",
    "map2-o": "\\f1bc",
    "medium": "\\f1bd",
    "minus": "\\f1be",
    "mobile-phone": "\\f1bf",
    "mobile": "\\f1c0",
    "mouse-pointer": "\\f1c1",
    "net": "\\f1c2",
    "new-tab": "\\f1c3",
    "object-group": "\\f1c4",
    "object-ungroup": "\\f1c5",
    "overline": "\\f1c6",
    "pause": "\\f1c7",
    "pentagon": "\\f1c8",
    "phone-call": "\\f1c9",
    "picture-o": "\\f1ca",
    "pinterest": "\\f1cb",
    "plane": "\\f1cc",
    "play": "\\f1cd",
    "plus": "\\f1ce",
    "position-bottom": "\\f1cf",
    "position-center": "\\f1d0",
    "position-center2": "\\f1d1",
    "position-left": "\\f1d2",
    "position-right": "\\f1d3",
    "position-top": "\\f1d4",
    "preview": "\\f1d5",
    "print": "\\f1d6",
    "print2": "\\f1d7",
    "puzzle-o": "\\f1d8",
    "puzzle": "\\f1d9",
    "question-circle-1": "\\f1da",
    "question-circle-o": "\\f1db",
    "question-circle-thin": "\\f1dc",
    "question-circle": "\\f1dd",
    "question": "\\f1de",
    "random": "\\f1df",
    "ray": "\\f1e0",
    "rectangle-1": "\\f1e1",
    "rectangle-2": "\\f1e2",
    "rectangle": "\\f1e3",
    "redo": "\\f1e4",
    "refresh": "\\f1e5",
    "remove-circle": "\\f1e6",
    "remove-thin": "\\f1e7",
    "remove": "\\f1e8",
    "remove2-thin": "\\f1e9",
    "reply": "\\f1ea",
    "resize": "\\f1eb",
    "reverse": "\\f1ec",
    "right-side": "\\f1ed",
    "round-corners": "\\f1ee",
    "round-inner-corners": "\\f1ef",
    "rss": "\\f1f0",
    "ruler-paint-brush-o": "\\f1f1",
    "ruler-paint-brush": "\\f1f2",
    "save": "\\f1f3",
    "search": "\\f1f4",
    "search2": "\\f1f5",
    "share": "\\f1f6",
    "small-caps": "\\f1f7",
    "smile": "\\f1f8",
    "sort-alpha-asc": "\\f1f9",
    "sort-alpha-desc": "\\f1fa",
    "sort-amount-asc": "\\f1fb",
    "sort-amount-desc": "\\f1fc",
    "sort-asc": "\\f1fd",
    "sort-desc": "\\f1fe",
    "sort-numeric-asc": "\\f1ff",
    "sort-numeric-desc": "\\f200",
    "sort": "\\f201",
    "square-corners": "\\f202",
    "square-double-o": "\\f203",
    "square": "\\f204",
    "stacked_area": "\\f205",
    "star-1": "\\f206",
    "star-2": "\\f207",
    "star-3": "\\f208",
    "star-4": "\\f209",
    "star-5": "\\f20a",
    "star-half-o": "\\f20b",
    "star-o": "\\f20c",
    "star": "\\f20d",
    "stop": "\\f20e",
    "strikethrough": "\\f20f",
    "support": "\\f210",
    "tint": "\\f211",
    "trapezium": "\\f212",
    "trash-o": "\\f213",
    "trend-channel": "\\f214",
    "triangle-down-filled": "\\f215",
    "triangle-down": "\\f216",
    "triangle-left": "\\f217",
    "triangle-right": "\\f218",
    "triangle-up-filled": "\\f219",
    "triangle-up": "\\f21a",
    "triangle": "\\f21b",
    "twitter-x": "\\f21c",
    "twitter": "\\f21d",
    "underline": "\\f21e",
    "undo": "\\f21f",
    "universal-access": "\\f220",
    "unlock-alt": "\\f221",
    "unlock": "\\f222",
    "upload": "\\f223",
    "user-plus": "\\f224",
    "user-tie": "\\f225",
    "users": "\\f226",
    "v-line-dotted": "\\f227",
    "vertical-line": "\\f228",
    "vertical-range": "\\f229",
    "yoda": "\\f22a",
    "zoom-in": "\\f22b",
    "zoom-out": "\\f22c"
}